<featureType>
  <id>FeatureTypeInfoab42a8c4-95e8-4630-bf79-33e59241605a</id>
  <name>Record_ab42a8c4-95e8-4630-bf79-33e59241605a</name>
  <nativeName>Record_ab42a8c4-95e8-4630-bf79-33e59241605a</nativeName>
  <namespace>
    <id>NamespaceInfoImpl-78ff667e:12476299803:-7ffe</id>
  </namespace>
  <title>Record_ab42a8c4-95e8-4630-bf79-33e59241605a</title>
  <abstract>Suspendisse accumsan molestie lorem. Nullam velit turpis, mattis ut, varius bibendum, laoreet non, quam.</abstract>
  <keywords>
    <string>Physiography</string>
  </keywords>
  <nativeCRS>GEOGCS[&quot;WGS 84&quot;, 
  DATUM[&quot;World Geodetic System 1984&quot;, 
    SPHEROID[&quot;WGS 84&quot;, 6378137.0, 298.257223563, AUTHORITY[&quot;EPSG&quot;,&quot;7030&quot;]], 
    AUTHORITY[&quot;EPSG&quot;,&quot;6326&quot;]], 
  PRIMEM[&quot;Greenwich&quot;, 0.0, AUTHORITY[&quot;EPSG&quot;,&quot;8901&quot;]], 
  UNIT[&quot;degree&quot;, 0.017453292519943295], 
  AXIS[&quot;Geodetic longitude&quot;, EAST], 
  AXIS[&quot;Geodetic latitude&quot;, NORTH], 
  AUTHORITY[&quot;EPSG&quot;,&quot;4326&quot;]]</nativeCRS>
  <srs>EPSG:4326</srs>
  <latLonBoundingBox>
    <minx>0.0</minx>
    <maxx>0.0</maxx>
    <miny>0.0</miny>
    <maxy>0.0</maxy>
  </latLonBoundingBox>
  <projectionPolicy>FORCE_DECLARED</projectionPolicy>
  <enabled>true</enabled>
  <metadata>
    <entry key="id">urn:uuid:ab42a8c4-95e8-4630-bf79-33e59241605a</entry>
    <entry key="type">http://purl.org/dc/dcmitype/Service</entry>
    <entry key="relation">urn:uuid:88247b56-4cbc-4df9-9860-db3f8042e357</entry>
    <entry key="scheme">http://www.digest.org/2.1</entry>
  </metadata>
  <store class="dataStore">
    <id>DataStoreInfoImpl-370abbc5:13f592321a9:-8000</id>
  </store>
  <maxFeatures>0</maxFeatures>
  <numDecimals>0</numDecimals>
</featureType>