<featureType>
  <id>FeatureTypeInfo784e2afd-a9fd-44a6-9a92-a3848371c8ec</id>
  <name>Record_784e2afd-a9fd-44a6-9a92-a3848371c8ec</name>
  <nativeName>Record_784e2afd-a9fd-44a6-9a92-a3848371c8ec</nativeName>
  <namespace>
    <id>NamespaceInfoImpl-78ff667e:12476299803:-7ffe</id>
  </namespace>
  <title>Record_784e2afd-a9fd-44a6-9a92-a3848371c8ec</title>
  <abstract>Proin sit amet justo. In justo. Aenean adipiscing nulla id tellus.</abstract>
  <keywords>
    <string>Hydrography--Dictionaries</string>
  </keywords>
  <nativeCRS>GEOGCS[&quot;WGS 84&quot;, 
  DATUM[&quot;World Geodetic System 1984&quot;, 
    SPHEROID[&quot;WGS 84&quot;, 6378137.0, 298.257223563, AUTHORITY[&quot;EPSG&quot;,&quot;7030&quot;]], 
    AUTHORITY[&quot;EPSG&quot;,&quot;6326&quot;]], 
  PRIMEM[&quot;Greenwich&quot;, 0.0, AUTHORITY[&quot;EPSG&quot;,&quot;8901&quot;]], 
  UNIT[&quot;degree&quot;, 0.017453292519943295], 
  AXIS[&quot;Geodetic longitude&quot;, EAST], 
  AXIS[&quot;Geodetic latitude&quot;, NORTH], 
  AUTHORITY[&quot;EPSG&quot;,&quot;4326&quot;]]</nativeCRS>
  <srs>EPSG:4326</srs>
  <latLonBoundingBox>
    <minx>0.0</minx>
    <maxx>0.0</maxx>
    <miny>0.0</miny>
    <maxy>0.0</maxy>
  </latLonBoundingBox>
  <projectionPolicy>FORCE_DECLARED</projectionPolicy>
  <enabled>true</enabled>
  <metadata>
    <entry key="id">urn:uuid:784e2afd-a9fd-44a6-9a92-a3848371c8ec</entry>
    <entry key="type">http://purl.org/dc/dcmitype/Text</entry>
    <entry key="title">Aliquam fermentum purus quis arcu</entry>
    <entry key="date">2006-05-12Z</entry>
  </metadata>
  <store class="dataStore">
    <id>DataStoreInfoImpl-370abbc5:13f592321a9:-8000</id>
  </store>
  <maxFeatures>0</maxFeatures>
  <numDecimals>0</numDecimals>
</featureType>