<featureType>
  <id>FeatureTypeInfoImpl--31b6253f:128b3c42f89:-7fd3</id>
  <name>Buildings</name>
  <nativeName>Buildings</nativeName>
  <namespace>
    <id>NamespaceInfoImpl--31b6253f:128b3c42f89:-7ff8</id>
  </namespace>
  <title>cite:Buildings</title>
  <abstract>Generated from cite</abstract>
  <keywords>
    <string>Buildings</string>
    <string>cite</string>
  </keywords>
  <srs>EPSG:4326</srs>
  <latLonBoundingBox>
    <minx>8.0E-4</minx>
    <maxx>0.0024</maxx>
    <miny>5.0E-4</miny>
    <maxy>0.0010</maxy>
    <crs>EPSG:4326</crs>
  </latLonBoundingBox>
  <projectionPolicy>FORCE_DECLARED</projectionPolicy>
  <enabled>true</enabled>
  <metadata>
    <entry key="kml.regionateFeatureLimit">10</entry>
    <entry key="indexingEnabled">false</entry>
    <entry key="cachingEnabled">false</entry>
    <entry key="dirName">cite_Buildings</entry>
  </metadata>
  <store class="dataStore">
    <id>DataStoreInfoImpl--31b6253f:128b3c42f89:-7fdb</id>
  </store>
  <maxFeatures>0</maxFeatures>
  <numDecimals>0</numDecimals>
</featureType>