<featureType>
  <id>FeatureTypeInfoImpl--31b6253f:128b3c42f89:-7fd7</id>
  <name>BasicPolygons</name>
  <nativeName>BasicPolygons</nativeName>
  <namespace>
    <id>NamespaceInfoImpl--31b6253f:128b3c42f89:-7ff8</id>
  </namespace>
  <title>cite:BasicPolygons</title>
  <abstract>Generated from cite</abstract>
  <keywords>
    <string>BasicPolygons</string>
    <string>cite</string>
  </keywords>
  <srs>EPSG:4326</srs>
  <latLonBoundingBox>
    <minx>-2.0</minx>
    <maxx>2.0</maxx>
    <miny>-1.0</miny>
    <maxy>6.0</maxy>
    <crs>EPSG:4326</crs>
  </latLonBoundingBox>
  <projectionPolicy>FORCE_DECLARED</projectionPolicy>
  <enabled>true</enabled>
  <metadata>
    <entry key="kml.regionateFeatureLimit">10</entry>
    <entry key="indexingEnabled">false</entry>
    <entry key="cachingEnabled">false</entry>
    <entry key="dirName">cite_BasicPolygons</entry>
  </metadata>
  <store class="dataStore">
    <id>DataStoreInfoImpl--31b6253f:128b3c42f89:-7fdc</id>
  </store>
  <maxFeatures>0</maxFeatures>
  <numDecimals>0</numDecimals>
</featureType>