<featureType>
  <id>FeatureTypeInfoImpl--2e539c29:12c805e6d8b:-7fe5</id>
  <name>Buildings</name>
  <nativeName>Buildings</nativeName>
  <namespace>
    <id>NamespaceInfoImpl--6d617f8c:12c804a8970:-7ffb</id>
  </namespace>
  <title>cite:Buildings</title>
  <metadataLinks>
    <metadataLink>
      <type>application/xml</type>
      <metadataType>FGDC</metadataType>
      <content>/www/Buildings.xml</content>
    </metadataLink>
  </metadataLinks>
  <nativeCRS>GEOGCS[&quot;GCS_WGS_1984&quot;, 
  DATUM[&quot;D_WGS_1984&quot;, 
    SPHEROID[&quot;WGS_1984&quot;, 6378137.0, 298.257223563]], 
  PRIMEM[&quot;Greenwich&quot;, 0.0], 
  UNIT[&quot;degree&quot;, 0.017453292519943295], 
  AXIS[&quot;Longitude&quot;, EAST], 
  AXIS[&quot;Latitude&quot;, NORTH]]</nativeCRS>
  <srs>EPSG:4326</srs>
  <nativeBoundingBox>
    <minx>0.0010</minx>
    <maxx>0.0020</maxx>
    <miny>0.0</miny>
    <maxy>0.0010</maxy>
    <crs>EPSG:4326</crs>
  </nativeBoundingBox>
  <latLonBoundingBox>
    <minx>0.0010</minx>
    <maxx>0.0020</maxx>
    <miny>0.0</miny>
    <maxy>0.0010</maxy>
    <crs>EPSG:4326</crs>
  </latLonBoundingBox>
  <projectionPolicy>FORCE_DECLARED</projectionPolicy>
  <enabled>true</enabled>
  <metadata>
    <entry key="cachingEnabled">false</entry>
  </metadata>
  <store class="dataStore">
    <id>DataStoreInfoImpl--2e539c29:12c805e6d8b:-8000</id>
  </store>
  <maxFeatures>0</maxFeatures>
  <numDecimals>0</numDecimals>
</featureType>
