<!--
      YOU PROBABLY DO NOT WANT TO RUN THIS QUERY SINCE 
       IT WILL MODIFY YOUR SOURCE DATA FILES
       
       It will add a simple line to the bc_roads dataset.
       
  -->
<wfs:Transaction service="WFS" version="1.0.0"
  xmlns:wfs="http://www.opengis.net/wfs"
  xmlns:topp="http://www.openplans.org/topp"
  xmlns:gml="http://www.opengis.net/gml"
  xmlns:xsi="http://www.w3.org/2001/XMLSchema-instance"
  xsi:schemaLocation="http://www.openplans.org/topp http://localhost:8080/geoserver/wfs/DescribeFeatureType?typeName=topp:bc_roads"  
>
  <wfs:Insert>
    <topp:bc_roads>
      <topp:the_geom>
        <gml:MultiLineString srsName="http://www.opengis.net/gml/srs/epsg.xml#27354">
          <gml:lineStringMember>
            <gml:LineString>
              <gml:coordinates decimal="." cs="," ts=" ">
494475.71056415,5433016.8189323 494982.70115662,5435041.95096618
              </gml:coordinates>
            </gml:LineString>
          </gml:lineStringMember>
        </gml:MultiLineString>
      </topp:the_geom>
      <topp:LENGTH>3.14159</topp:LENGTH>
      <topp:BTRN_BC_ID>13166</topp:BTRN_BC_ID>
    </topp:bc_roads>
  </wfs:Insert>
</wfs:Transaction>
