<!-- Performs a get feature with a bounding box filter.      -->
<!-- The BBOX filter is a convenience for a <Not><Disjoint>, -->
<!-- it fetches all features that spatially interact with the given box. -->
<!-- This example also shows how to request specific properties, in this -->
<!-- case we just get the STATE_NAME and PERSONS -->

<wfs:GetFeature service="WFS" version="1.0.0"
  outputFormat="GML2"
  xmlns:topp="http://www.openplans.org/topp"
  xmlns:wfs="http://www.opengis.net/wfs"
  xmlns:ogc="http://www.opengis.net/ogc"
  xmlns:gml="http://www.opengis.net/gml"
  xmlns:xsi="http://www.w3.org/2001/XMLSchema-instance"
  xsi:schemaLocation="http://www.opengis.net/wfs
                      http://schemas.opengis.net/wfs/1.0.0/WFS-basic.xsd">
  <wfs:Query typeName="topp:states">
    <wfs:PropertyName>topp:STATE_NAME</wfs:PropertyName>
    <wfs:PropertyName>topp:PERSONS</wfs:PropertyName>
    <ogc:Filter>
      <ogc:BBOX>
        <ogc:PropertyName>the_geom</ogc:PropertyName>
        <gml:Box srsName="http://www.opengis.net/gml/srs/epsg.xml#4326">
           <gml:coordinates>-75.102613,40.212597 -72.361859,41.512517</gml:coordinates>
        </gml:Box>
      </ogc:BBOX>
   </ogc:Filter>
  </wfs:Query>
</wfs:GetFeature>
