<!-- Performs a get coverage, selects only a band and returns the
     output in ArcGrid format 
-->
<wcs:GetCoverage service="WCS" xmlns:ows="http://www.opengis.net/ows/1.1"
  xmlns:wcs="http://www.opengis.net/wcs/1.1.1"
  xmlns:xsi="http://www.w3.org/2001/XMLSchema-instance" 
  xsi:schemaLocation="http://www.opengis.net/wcs/1.1.1 file:///C:/progetti/opengis/schemas/wcs1.1/wcs/1.1.1/wcsAll.xsd"
  version="1.1.1" >
  <ows:Identifier>topp:tazbm</ows:Identifier>
  <wcs:DomainSubset>
    <ows:BoundingBox crs="urn:ogc:def:crs:EPSG:6.6:4326">
      <ows:LowerCorner>-44 147</ows:LowerCorner>
      <ows:UpperCorner>-43.9 147.1</ows:UpperCorner>
    </ows:BoundingBox>
  </wcs:DomainSubset>
  <wcs:RangeSubset>
    <wcs:FieldSubset>
      <ows:Identifier>contents</ows:Identifier>
      <wcs:AxisSubset>
        <wcs:Identifier>Bands</wcs:Identifier>
        <wcs:Key>Red_band</wcs:Key>
      </wcs:AxisSubset>
    </wcs:FieldSubset>
  </wcs:RangeSubset>
  <wcs:Output format="image/debug"/>
</wcs:GetCoverage>

