<?config.xml version="1.0" encoding="UTF-8"?>
<!--
  Service level configuration
-->
<serverConfiguration >
  <global >
    <log4jConfigFile>VERBOSE_LOGGING.properties</log4jConfigFile>
    <suppressStdOutLogging value = "false" />
    <logLocation>logs/geoserver.log</logLocation>
    <JaiMemoryCapacity value = "0.5" />
    <JaiMemoryThreshold value = "0.75" />
    <JaiTileThreads value = "7" />
    <JaiTilePriority value = "5" />
    <JaiRecycling value = "true" />
    <ImageIOCache value = "false" />
    <JaiJPEGNative value = "true" />
    <JaiPNGNative value = "true" />
    <!--
      Sets the max number of Features returned by GetFeature
    -->
    <maxFeatures value = "1000000" />
    <!--
      Whether newlines and indents should be returned in 
      XML responses.  Default is false
    -->
    <verbose value = "false" />
    <!--
      Whether the Service Exceptions returned to clients should contain
      full java stack traces (useful for debugging).
    -->
    <verboseExceptions value = "false" />
    <!--
      Sets the max number of decimal places past the zero returned in
      a GetFeature response.  Default is 4
    -->
    <numDecimals value = "8" />
    <!--
      Sets the global character set.  This could use some more testing
      from international users, but what it does is sets the encoding
      globally for all postgis database connections (the charset tag
      in FeatureTypeConfig), as well as specifying the encoding in the return
      config.xml header and mime type.  The default is UTF-8.  Also be warned
      that GeoServer does not check if the CharSet is valid before
      attempting to use it, so it will fail miserably if a bad charset
      is used.
    -->
    <charSet value = "UTF-8" />
    <ContactInformation >
      <ContactPersonPrimary >
        <ContactPerson>Chris Holmes</ContactPerson>
        <ContactOrganization>The Open Planning Project</ContactOrganization>
      </ContactPersonPrimary>
      <ContactPosition>Tecnical director</ContactPosition>
      <ContactAddress >
        <AddressType>Office</AddressType>
        <Address>349 West 12th Street #3</Address>
        <City>New York</City>
        <StateOrProvince>New York</StateOrProvince>
        <PostCode>10014</PostCode>
        <Country>USA</Country>
      </ContactAddress>
      <ContactVoiceTelephone>212.796.4220</ContactVoiceTelephone>
      <ContactFacsimileTelephone>646.390.2624</ContactFacsimileTelephone>
      <ContactElectronicMailAddress>nobody@openplans.org</ContactElectronicMailAddress>
      <ContactOnlineResource></ContactOnlineResource>
    </ContactInformation>
    <!--
      Stores the current updateSequence
    -->
    <updateSequence>5</updateSequence>
  </global>
  <services >
    <service enabled = "true" type = "WCS" >
      <!--
        ServiceDTO elements, needed for the capabilities document
        Title and OnlineResource are the two required
      -->
      <name>My GeoServer WCS</name>
      <title>My GeoServer WCS</title>
      <abstract>
This is a description of your Web Coverage Server.
     </abstract>
      <metadataLink about = "http://geoserver.sourceforge.net/html/index.php" type = "undef" metadataType = "other" >
	NONE
      </metadataLink>
      <keywords >
        <keyword>WCS</keyword>
        <keyword>WMS</keyword>
        <keyword>GEOSERVER</keyword>
      </keywords>
      <onlineResource>http://geoserver.org</onlineResource>
      <fees>NONE</fees>
      <accessConstraints>NONE</accessConstraints>
      <srsXmlStyle value = "false" />
      <maintainer>http://geoserver.org/comm</maintainer>
    </service>
    <service enabled = "true" type = "WFS" >
      <!--
        ServiceDTO elements, needed for the capabilities document
        Title and OnlineResource are the two required
      -->
      <name>My GeoServer WFS</name>
      <title>My GeoServer WFS</title>
      <abstract>
This is a description of your Web Feature Server.

The GeoServer is a full transactional Web Feature Server, you may wish to limit
GeoServer to a Basic service level to prevent modificaiton of your geographic
data.
     </abstract>
      <metadataLink ></metadataLink>
      <keywords >
        <keyword>WFS</keyword>
        <keyword>WMS</keyword>
        <keyword>GEOSERVER</keyword>
      </keywords>
      <onlineResource>http://geoserver.org</onlineResource>
      <fees>NONE</fees>
      <accessConstraints>NONE</accessConstraints>
      <srsXmlStyle value = "true" />
      <serviceLevel value = "31" />
      <citeConformanceHacks>false</citeConformanceHacks>
      <maintainer>http://geoserver.org/comm</maintainer>
    </service>
    <service enabled = "true" type = "WMS" >
      <!--
        ServiceDTO elements, needed for the capabilities document
        Title and OnlineResource are the two required
      -->
      <name>OGC:WMS</name>
      <title>My GeoServer WMS</title>
      <abstract>
This is a description of your Web Map Server.
     </abstract>
      <metadataLink ></metadataLink>
      <keywords >
        <keyword>WFS</keyword>
        <keyword>WMS</keyword>
        <keyword>GEOSERVER</keyword>
      </keywords>
      <onlineResource>http://geoserver.org</onlineResource>
      <fees>NONE</fees>
      <accessConstraints>NONE</accessConstraints>
      <srsXmlStyle value = "false" />
      <maintainer>http://geoserver.org/comm</maintainer>
      <svgAntiAlias>true</svgAntiAlias>
      <allowInterpolation>Nearest</allowInterpolation>
    </service>
  </services>
</serverConfiguration>
