<featureType>
  <id>FeatureTypeInfoImpl--2026d544:13f592fb3fa:-8000</id>
  <name>Record_1ef30a8b-876d-4828-9246-c37ab4510bbd</name>
  <nativeName>Record_1ef30a8b-876d-4828-9246-c37ab4510bbd</nativeName>
  <namespace>
    <id>NamespaceInfoImpl-78ff667e:12476299803:-7ffe</id>
  </namespace>
  <title>Record_1ef30a8b-876d-4828-9246-c37ab4510bbd</title>
  <abstract>Proin sit amet justo. In justo. Aenean adipiscing nulla id tellus.</abstract>
  <keywords>
  </keywords>
  <nativeCRS>GEOGCS[&quot;WGS 84&quot;, 
  DATUM[&quot;World Geodetic System 1984&quot;, 
    SPHEROID[&quot;WGS 84&quot;, 6378137.0, 298.257223563, AUTHORITY[&quot;EPSG&quot;,&quot;7030&quot;]], 
    AUTHORITY[&quot;EPSG&quot;,&quot;6326&quot;]], 
  PRIMEM[&quot;Greenwich&quot;, 0.0, AUTHORITY[&quot;EPSG&quot;,&quot;8901&quot;]], 
  UNIT[&quot;degree&quot;, 0.017453292519943295],   
  AXIS[&quot;Geodetic latitude&quot;, NORTH], 
  AXIS[&quot;Geodetic longitude&quot;, EAST], 
  AUTHORITY[&quot;EPSG&quot;,&quot;4326&quot;]]</nativeCRS>
  <srs>urn:x-ogc:def:crs:EPSG:6.11:4326</srs>
  <nativeBoundingBox>
    <miny>13.754</miny>
    <maxy>17.92</maxy>
    <minx>60.042</minx>
    <maxx>68.41</maxx>
    <crs>urn:x-ogc:def:crs:EPSG:6.11:4326</crs>
  </nativeBoundingBox>
  <latLonBoundingBox>
    <miny>13.754</miny>
    <maxy>17.92</maxy>
    <minx>60.042</minx>
    <maxx>68.41</maxx>
    <crs>GEOGCS[&quot;WGS84(DD)&quot;, 
  DATUM[&quot;WGS84&quot;, 
    SPHEROID[&quot;WGS84&quot;, 6378137.0, 298.257223563]], 
  PRIMEM[&quot;Greenwich&quot;, 0.0], 
  UNIT[&quot;degree&quot;, 0.017453292519943295], 
  AXIS[&quot;Geodetic longitude&quot;, EAST], 
  AXIS[&quot;Geodetic latitude&quot;, NORTH]]</crs>
  </latLonBoundingBox>
  <projectionPolicy>FORCE_DECLARED</projectionPolicy>
  <enabled>true</enabled>
  <metadata>
    <entry key="id">urn:uuid:1ef30a8b-876d-4828-9246-c37ab4510bbd</entry>
    <entry key="type">http://purl.org/dc/dcmitype/Service</entry>
  </metadata>
  <store class="dataStore">
    <id>DataStoreInfoImpl-370abbc5:13f592321a9:-8000</id>
  </store>
  <maxFeatures>0</maxFeatures>
  <numDecimals>0</numDecimals>
</featureType>