<featureType>
  <id>FeatureTypeInfo829babb0-b2f1-49e1-8cd5-7b489fe71a1e</id>
  <name>Record_829babb0-b2f1-49e1-8cd5-7b489fe71a1e</name>
  <nativeName>Record_829babb0-b2f1-49e1-8cd5-7b489fe71a1e</nativeName>
  <namespace>
    <id>NamespaceInfoImpl-78ff667e:12476299803:-7ffe</id>
  </namespace>
  <title>Record_829babb0-b2f1-49e1-8cd5-7b489fe71a1e</title>
  <abstract>Proin sit amet justo. In justo. Aenean adipiscing nulla id tellus.</abstract>
  <keywords>
  </keywords>
  <nativeCRS>GEOGCS[&quot;WGS 84&quot;, 
  DATUM[&quot;World Geodetic System 1984&quot;, 
    SPHEROID[&quot;WGS 84&quot;, 6378137.0, 298.257223563, AUTHORITY[&quot;EPSG&quot;,&quot;7030&quot;]], 
    AUTHORITY[&quot;EPSG&quot;,&quot;6326&quot;]], 
  PRIMEM[&quot;Greenwich&quot;, 0.0, AUTHORITY[&quot;EPSG&quot;,&quot;8901&quot;]], 
  UNIT[&quot;degree&quot;, 0.017453292519943295], 
  AXIS[&quot;Geodetic longitude&quot;, EAST], 
  AXIS[&quot;Geodetic latitude&quot;, NORTH], 
  AUTHORITY[&quot;EPSG&quot;,&quot;4326&quot;]]</nativeCRS>
  <srs>EPSG:4326</srs>
  <latLonBoundingBox>
    <minx>0.0</minx>
    <maxx>0.0</maxx>
    <miny>0.0</miny>
    <maxy>0.0</maxy>
  </latLonBoundingBox>
  <projectionPolicy>FORCE_DECLARED</projectionPolicy>
  <enabled>true</enabled>
  <metadata>
    <entry key="id">urn:uuid:829babb0-b2f1-49e1-8cd5-7b489fe71a1e</entry>
    <entry key="type">http://purl.org/dc/dcmitype/Image</entry>
    <entry key="format">image/jp2</entry>
    <entry key="title">Vestibulum massa purus</entry>
    <entry key="relation">urn:uuid:9a669547-b69b-469f-a11f-2d875366bbdc</entry>
  </metadata>
  <store class="dataStore">
    <id>DataStoreInfoImpl-370abbc5:13f592321a9:-8000</id>
  </store>
  <maxFeatures>0</maxFeatures>
  <numDecimals>0</numDecimals>
</featureType>