<featureType>
  <id>FeatureTypeInfoImpl-285efa62:1247620e3ef:-7fde</id>
  <name>Polygons</name>
  <nativeName>Polygons</nativeName>
  <namespace>
    <id>NamespaceInfoImpl-285efa62:1247620e3ef:-7ffe</id>
  </namespace>
  <title>Polygons_Type</title>
  <abstract>Generated from cgf</abstract>
  <keywords>
    <string>Polygons</string>
    <string>cgf</string>
  </keywords>
  <nativeCRS class="projected">PROJCS[&quot;WGS 84 / UTM zone 15N&quot;, 
  GEOGCS[&quot;WGS 84&quot;, 
    DATUM[&quot;World Geodetic System 1984&quot;, 
      SPHEROID[&quot;WGS 84&quot;, 6378137.0, 298.257223563, AUTHORITY[&quot;EPSG&quot;,&quot;7030&quot;]], 
      AUTHORITY[&quot;EPSG&quot;,&quot;6326&quot;]], 
    PRIMEM[&quot;Greenwich&quot;, 0.0, AUTHORITY[&quot;EPSG&quot;,&quot;8901&quot;]], 
    UNIT[&quot;degree&quot;, 0.017453292519943295], 
    AXIS[&quot;Geodetic longitude&quot;, EAST], 
    AXIS[&quot;Geodetic latitude&quot;, NORTH], 
    AUTHORITY[&quot;EPSG&quot;,&quot;4326&quot;]], 
  PROJECTION[&quot;Transverse Mercator&quot;, AUTHORITY[&quot;EPSG&quot;,&quot;9807&quot;]], 
  PARAMETER[&quot;central_meridian&quot;, -93.0], 
  PARAMETER[&quot;latitude_of_origin&quot;, 0.0], 
  PARAMETER[&quot;scale_factor&quot;, 0.9996], 
  PARAMETER[&quot;false_easting&quot;, 500000.0], 
  PARAMETER[&quot;false_northing&quot;, 0.0], 
  UNIT[&quot;m&quot;, 1.0], 
  AXIS[&quot;Easting&quot;, EAST], 
  AXIS[&quot;Northing&quot;, NORTH], 
  AUTHORITY[&quot;EPSG&quot;,&quot;32615&quot;]]</nativeCRS>
  <srs>EPSG:32615</srs>
  <latLonBoundingBox>
    <minx>-92.99797170510476</minx>
    <maxx>-92.99752097136782</maxx>
    <miny>4.523788749172728</miny>
    <maxy>4.524241085192827</maxy>
    <crs>EPSG:4326</crs>
  </latLonBoundingBox>
  <projectionPolicy>FORCE_DECLARED</projectionPolicy>
  <enabled>true</enabled>
  <metadata>
    <entry key="kml.regionateFeatureLimit">10</entry>
    <entry key="indexingEnabled">false</entry>
    <entry key="cachingEnabled">false</entry>
    <entry key="dirName">cgf_Polygons</entry>
  </metadata>
  <store class="dataStore">
    <id>DataStoreInfoImpl-285efa62:1247620e3ef:-7ff9</id>
  </store>
  <attributes>
    <attribute>
      <name>id</name>
      <minOccurs>1</minOccurs>
      <maxOccurs>1</maxOccurs>
      <nillable>false</nillable>
    </attribute>
    <attribute>
      <name>polygonProperty</name>
      <minOccurs>0</minOccurs>
      <maxOccurs>1</maxOccurs>
      <nillable>false</nillable>
    </attribute>
  </attributes>
  <maxFeatures>0</maxFeatures>
  <numDecimals>0</numDecimals>
</featureType>