<featureType>
  <id>FeatureTypeInfo19887a8a-f6b0-4a63-ae56-7fba0e17801f</id>
  <name>Record_19887a8a-f6b0-4a63-ae56-7fba0e17801f</name>
  <nativeName>Record_19887a8a-f6b0-4a63-ae56-7fba0e17801f</nativeName>
  <namespace>
    <id>NamespaceInfoImpl-78ff667e:12476299803:-7ffe</id>
  </namespace>
  <title>Record_1ef30a8b-876d-4828-9246-c37ab4510bbd</title>
  <abstract>Quisque lacus diam, placerat mollis, pharetra in, commodo sed, augue. Duis iaculis arcu vel arcu.</abstract>
  <keywords>
    <string>Tourism--Greece</string>
  </keywords>
 <nativeCRS>GEOGCS[&quot;WGS 84&quot;, 
  DATUM[&quot;World Geodetic System 1984&quot;, 
    SPHEROID[&quot;WGS 84&quot;, 6378137.0, 298.257223563, AUTHORITY[&quot;EPSG&quot;,&quot;7030&quot;]], 
    AUTHORITY[&quot;EPSG&quot;,&quot;6326&quot;]], 
  PRIMEM[&quot;Greenwich&quot;, 0.0, AUTHORITY[&quot;EPSG&quot;,&quot;8901&quot;]], 
  UNIT[&quot;degree&quot;, 0.017453292519943295], 
  AXIS[&quot;Geodetic longitude&quot;, EAST], 
  AXIS[&quot;Geodetic latitude&quot;, NORTH], 
  AUTHORITY[&quot;EPSG&quot;,&quot;4326&quot;]]</nativeCRS>
  <srs>EPSG:4326</srs>
  <latLonBoundingBox>
    <minx>0.0</minx>
    <maxx>0.0</maxx>
    <miny>0.0</miny>
    <maxy>0.0</maxy>
  </latLonBoundingBox>
  <projectionPolicy>FORCE_DECLARED</projectionPolicy>
  <enabled>true</enabled>
  <metadata>
    <entry key="id">urn:uuid:19887a8a-f6b0-4a63-ae56-7fba0e17801f</entry>
    <entry key="type">http://purl.org/dc/dcmitype/Image</entry>
    <entry key="format">image/svg+xml</entry>
    <entry key="title">Lorem ipsum</entry>
    <entry key="spatial">GR-22</entry>
  </metadata>
  <store class="dataStore">
    <id>DataStoreInfoImpl-370abbc5:13f592321a9:-8000</id>
  </store>
  <maxFeatures>0</maxFeatures>
  <numDecimals>0</numDecimals>
</featureType>