<featureType>
  <id>FT_9a669547-b69b-469f-a11f-2d875366bbdc</id>
  <name>Record_9a669547-b69b-469f-a11f-2d875366bbdc</name>
  <nativeName>Record_9a669547-b69b-469f-a11f-2d875366bbdc</nativeName>
  <namespace>
    <id>NamespaceInfoImpl-78ff667e:12476299803:-7ffe</id>
  </namespace>
  <title>Record_9a669547-b69b-469f-a11f-2d875366bbdc</title>
  <abstract></abstract>
  <keywords>
    <string>Hydrography-Oceanographic</string>
  </keywords>
  <nativeCRS>GEOGCS[&quot;WGS 84&quot;, 
  DATUM[&quot;World Geodetic System 1984&quot;, 
    SPHEROID[&quot;WGS 84&quot;, 6378137.0, 298.257223563, AUTHORITY[&quot;EPSG&quot;,&quot;7030&quot;]], 
    AUTHORITY[&quot;EPSG&quot;,&quot;6326&quot;]], 
  PRIMEM[&quot;Greenwich&quot;, 0.0, AUTHORITY[&quot;EPSG&quot;,&quot;8901&quot;]], 
  UNIT[&quot;degree&quot;, 0.017453292519943295],       
  AXIS[&quot;Geodetic latitude&quot;, NORTH], 
  AXIS[&quot;Geodetic longitude&quot;, EAST], 
  AUTHORITY[&quot;EPSG&quot;,&quot;4326&quot;]]</nativeCRS>
  <srs>urn:x-ogc:def:crs:EPSG:6.11:4326</srs>
  <nativeBoundingBox>
    <miny>-6.171</miny>
    <maxy>-2.228</maxy>
    <minx>44.792</minx>
    <maxx>51.126</maxx>
    <crs>urn:x-ogc:def:crs:EPSG:6.11:4326</crs>
  </nativeBoundingBox>
  <latLonBoundingBox>
    <miny>-6.171</miny>
    <maxy>-2.228</maxy>
    <minx>44.792</minx>
    <maxx>51.126</maxx>
    <crs>GEOGCS[&quot;WGS84(DD)&quot;, 
  DATUM[&quot;WGS84&quot;, 
    SPHEROID[&quot;WGS84&quot;, 6378137.0, 298.257223563]], 
  PRIMEM[&quot;Greenwich&quot;, 0.0], 
  UNIT[&quot;degree&quot;, 0.017453292519943295], 
  AXIS[&quot;Geodetic longitude&quot;, EAST], 
  AXIS[&quot;Geodetic latitude&quot;, NORTH]]</crs>
  </latLonBoundingBox>
  <projectionPolicy>FORCE_DECLARED</projectionPolicy>
  <enabled>true</enabled>
  <metadata>
    <entry key="id">urn:uuid:9a669547-b69b-469f-a11f-2d875366bbdc</entry>
    <entry key="type">http://purl.org/dc/dcmitype/Service</entry>
    <entry key="title">Ñunç elementum</entry>
    <entry key="date">2005-10-24Z</entry>
    <entry key="scheme">http://www.digest.org/2.1</entry>
  </metadata>
  <store class="dataStore">
    <id>DataStoreInfoImpl-370abbc5:13f592321a9:-8000</id>
  </store>
  <maxFeatures>0</maxFeatures>
  <numDecimals>0</numDecimals>
</featureType>