<featureType>
  <id>FeatureTypeInfo66ae76b7-54ba-489b-a582-0f0633d96493</id>
  <name>Record_66ae76b7-54ba-489b-a582-0f0633d96493</name>
  <nativeName>Record_66ae76b7-54ba-489b-a582-0f0633d96493</nativeName>
  <namespace>
    <id>NamespaceInfoImpl-78ff667e:12476299803:-7ffe</id>
  </namespace>
  <title>Record_66ae76b7-54ba-489b-a582-0f0633d96493</title>
  <abstract>Pellentesque tempus magna non sapien fringilla blandit.</abstract>
  <keywords>
    <string>Marine sediments</string>
  </keywords>
  <nativeCRS>GEOGCS[&quot;WGS 84&quot;, 
  DATUM[&quot;World Geodetic System 1984&quot;, 
    SPHEROID[&quot;WGS 84&quot;, 6378137.0, 298.257223563, AUTHORITY[&quot;EPSG&quot;,&quot;7030&quot;]], 
    AUTHORITY[&quot;EPSG&quot;,&quot;6326&quot;]], 
  PRIMEM[&quot;Greenwich&quot;, 0.0, AUTHORITY[&quot;EPSG&quot;,&quot;8901&quot;]], 
  UNIT[&quot;degree&quot;, 0.017453292519943295], 
  AXIS[&quot;Geodetic longitude&quot;, EAST], 
  AXIS[&quot;Geodetic latitude&quot;, NORTH], 
  AUTHORITY[&quot;EPSG&quot;,&quot;4326&quot;]]</nativeCRS>
  <srs>EPSG:4326</srs>
  <latLonBoundingBox>
    <minx>0.0</minx>
    <maxx>0.0</maxx>
    <miny>0.0</miny>
    <maxy>0.0</maxy>
  </latLonBoundingBox>
  <projectionPolicy>FORCE_DECLARED</projectionPolicy>
  <enabled>true</enabled>
  <metadata>
    <entry key="id">urn:uuid:66ae76b7-54ba-489b-a582-0f0633d96493</entry>
    <entry key="type">http://purl.org/dc/dcmitype/Service</entry>
    <entry key="title">Maecenas enim</entry>
    <entry key="format">application/xhtml+xml</entry>    
  </metadata>
  <store class="dataStore">
    <id>DataStoreInfoImpl-370abbc5:13f592321a9:-8000</id>
  </store>
  <maxFeatures>0</maxFeatures>
  <numDecimals>0</numDecimals>
</featureType>