<featureType>
  <id>FeatureTypeInfoImpl-39d898:13f5937110b:-8000</id>
  <name>Record_6a3de50b-fa66-4b58-a0e6-ca146fdd18d4</name>
  <nativeName>Record_6a3de50b-fa66-4b58-a0e6-ca146fdd18d4</nativeName>
  <namespace>
    <id>NamespaceInfoImpl-78ff667e:12476299803:-7ffe</id>
  </namespace>
  <title>Ut facilisis justo ut lacus</title>
  <keywords>
    <string>Vegetation</string>
  </keywords>
  <nativeCRS>GEOGCS[&quot;WGS 84&quot;, 
  DATUM[&quot;World Geodetic System 1984&quot;, 
    SPHEROID[&quot;WGS 84&quot;, 6378137.0, 298.257223563, AUTHORITY[&quot;EPSG&quot;,&quot;7030&quot;]], 
    AUTHORITY[&quot;EPSG&quot;,&quot;6326&quot;]], 
  PRIMEM[&quot;Greenwich&quot;, 0.0, AUTHORITY[&quot;EPSG&quot;,&quot;8901&quot;]], 
  UNIT[&quot;degree&quot;, 0.017453292519943295], 
  AXIS[&quot;Geodetic longitude&quot;, EAST], 
  AXIS[&quot;Geodetic latitude&quot;, NORTH], 
  AUTHORITY[&quot;EPSG&quot;,&quot;4326&quot;]]</nativeCRS>
  <srs>EPSG:4326</srs>
  <latLonBoundingBox>
    <minx>0.0</minx>
    <maxx>0.0</maxx>
    <miny>0.0</miny>
    <maxy>0.0</maxy>
  </latLonBoundingBox>
  <projectionPolicy>FORCE_DECLARED</projectionPolicy>
  <enabled>true</enabled>
    <metadata>
    <entry key="id">urn:uuid:6a3de50b-fa66-4b58-a0e6-ca146fdd18d4</entry>
    <entry key="type">http://purl.org/dc/dcmitype/Service</entry>
    <entry key="title">Ut facilisis justo ut lacus</entry>
    <entry key="relation">urn:uuid:94bc9c83-97f6-4b40-9eb8-a8e8787a5c63</entry>
    <entry key="scheme">http://www.digest.org/2.1</entry>
  </metadata>
  <store class="dataStore">
    <id>DataStoreInfoImpl-370abbc5:13f592321a9:-8000</id>
  </store>
  <maxFeatures>0</maxFeatures>
  <numDecimals>0</numDecimals>
</featureType>