<wms>
  <id>wms</id>
  <enabled>true</enabled>
  <name>WMS</name>
  <versions>
    <org.geotools.util.Version>
      <version>1.1.1</version>
    </org.geotools.util.Version>
    <org.geotools.util.Version>
      <version>1.3.0</version>
    </org.geotools.util.Version>
  </versions>
  <keywords>
    <string>WMS</string>
    <string>Web Map Server</string>
  </keywords>
  <citeCompliant>true</citeCompliant>
  <schemaBaseURL>http://schemas.opengis.net</schemaBaseURL>
  <verbose>false</verbose>
  <metadata>
    <entry key="inpsire.metadataURL">http://foo.org</entry>
    <entry key="pngCompression">25</entry>
    <entry key="kmlKmscore">40</entry>
    <entry key="kmlAttr">true</entry>
    <entry key="jpegCompression">25</entry>
    <entry key="kmlReflectorMode">refresh</entry>
    <entry key="kmlPlacemark">false</entry>
    <entry key="svgAntiAlias">false</entry>
    <entry key="kmlSuperoverlayMode">auto</entry>
    <entry key="inspire.language">swe</entry>
  </metadata>
  <srs>
    <string>4326</string>
  </srs>
  <watermark class="org.geoserver.wms.WatermarkInfoImpl">
    <enabled>false</enabled>
    <position>BOT_RIGHT</position>
    <transparency>0</transparency>
  </watermark>
  <maxBuffer>0</maxBuffer>
  <maxRequestMemory>0</maxRequestMemory>
  <maxRenderingTime>0</maxRenderingTime>
  <maxRenderingErrors>0</maxRenderingErrors>
</wms>