<wcs>
  <id>wcs</id>
  <enabled>true</enabled>
  <name>My GeoServer WCS</name>
  <title>My GeoServer WCS</title>
  <maintainer>http://geoserver.org/comm</maintainer>
  <abstrct>
This is a description of your Web Coverage Server.
</abstrct>
  <accessConstraints>NONE</accessConstraints>
  <fees>NONE</fees>
  <versions>
    <org.geotools.util.Version>
      <version>1.0.0</version>
    </org.geotools.util.Version>
    <org.geotools.util.Version>
      <version>1.1.1</version>
    </org.geotools.util.Version>
  </versions>
  <keywords>
    <string>WCS</string>
    <string>WMS</string>
    <string>GEOSERVER</string>
  </keywords>
  <metadataLink>
    <type>undef</type>
    <about>http://geoserver.sourceforge.net/html/index.php</about>
    <metadataType>other</metadataType>
  </metadataLink>
  <citeCompliant>false</citeCompliant>
  <onlineResource>http://geoserver.org</onlineResource>
  <schemaBaseURL>http://schemas.opengis.net</schemaBaseURL>
  <verbose>false</verbose>
  <gmlPrefixing>false</gmlPrefixing>
</wcs>