<dataStore>
  <id>DataStoreInfoImpl-285efa62:1247620e3ef:-7ff9</id>
  <name>cgf</name>
  <enabled>true</enabled>
  <workspace>
    <id>WorkspaceInfoImpl-285efa62:1247620e3ef:-7ffd</id>
  </workspace>
  <connectionParameters>
    <entry key="namespace">http://www.opengis.net/cite/geometry</entry>
    <entry key="loose bbox">false</entry>
    <entry key="user">cite</entry>
    <entry key="passwd">cite</entry>
    <entry key="wkb enabled">true</entry>
    <entry key="host">localhost</entry>
    <entry key="port">5432</entry>
    <entry key="database">cite</entry>
    <entry key="dbtype">postgisng</entry>
    <entry key="Estimated extends">false</entry>
    <entry key="validate connections">true</entry> 
  </connectionParameters>
</dataStore>
